language,correlation,pvalue
German,0.1367645828641419,0.35396720843360285
Latin,0.04184061170698901,0.7976850288606296
