language,correlation,pvalue
German,0.1367645828641419,0.35396720843360285
